{
  "loss": 0.01385627593845129,
  "accuracy": 0.9969977736473083,
  "precision": 0.9970193563353401,
  "recall": 0.9969977483112334,
  "f1_score": 0.9969968342682753,
  "total_samples": 3997
}