{
  "accuracy": [
    0.45594465732574463,
    0.8975170254707336,
    0.9621386528015137,
    0.9774762988090515,
    0.9831072092056274
  ],
  "loss": [
    1.9731076955795288,
    0.34926706552505493,
    0.1387535184621811,
    0.07870902866125107,
    0.059509508311748505
  ],
  "val_accuracy": [
    0.6101101040840149,
    0.9789789915084839,
    0.9862362146377563,
    0.9942442178726196,
    0.9979979991912842
  ],
  "val_loss": [
    1.2654411792755127,
    0.07744237035512924,
    0.04795970767736435,
    0.02129353955388069,
    0.012282676063477993
  ],
  "learning_rate": [
    0.0010000000474974513,
    0.0010000000474974513,
    0.0010000000474974513,
    0.0010000000474974513,
    0.0010000000474974513
  ]
}